name,category,google_rating,review_count,price_level,is_local_favorite,may_suitability,latitude,longitude,final_score
"Enid A. Haupt Conservatory, NYBG",Botanical garden,4.8,2464,1,True,20,40.8639333,-73.8820361,94.6
Conservatory Garden,Garden,4.8,2841,1,True,20,40.793692799999995,-73.9524588,94.6
Wave Hill Public Garden & Cultural Center,Garden,4.8,2154,1,True,20,40.897851599999996,-73.91144489999999,94.6
Lasdon Public Gardens and & Veterans Memorial,Park,4.8,538,1,True,20,41.2764556,-73.7377583,94.6
Japanese Hill-and-Pond Garden,Botanical garden,4.8,267,1,True,20,40.6685881,-73.9628943,94.6
Bayard Cutting Arboretum,State park,4.8,2304,1,True,20,40.736515999999995,-73.1624738,94.6
Cornell Botanic Gardens,Botanical garden,4.8,1886,1,True,20,42.4496189,-76.4728445,94.6
Pier 57 Rooftop Park,Park,4.8,674,1,True,20,40.743653099999996,-74.0106802,94.6
Clark Botanic Gardens,Botanical garden,4.7,953,1,True,20,40.7721777,-73.6398473,93.4
6BC Botanical Garden,Botanical garden,4.6,269,1,True,20,40.7238154,-73.98070779999999,92.2
Elevated Acre,Park,4.6,676,1,True,20,40.7033361,-74.0085763,92.2
Narrows Botanical Gardens,Botanical garden,4.6,484,1,True,20,40.6372374,-74.0367631,92.2
Hudson River Waterfront Greenway,Park,4.8,173,1,True,20,40.7886373,-73.9824241,79.6
Waterfront,Park,4.8,32,1,True,20,40.715859099999996,-73.96761649999999,79.6
Queens Botanical Garden,Botanical garden,4.3,2762,1,False,20,40.751239299999995,-73.8261905,78.6
Shore Road Promenade Scenic Lookout,Park,4.7,135,1,True,20,40.6304672,-74.0408559,78.4
Old Westbury Gardens,Botanical garden,4.7,3552,1,True,20,40.7734287,-73.5957292,78.4
Buffalo and Erie County Botanical Gardens,Botanical garden,4.6,4062,1,True,20,42.8281315,-78.82571159999999,77.2
Hoboken Waterfront,Tourist attraction,4.9,546,1,True,0,40.735884999999996,-74.0281935,75.8
Vintage Green Rooftop,Restaurant,4.9,2477,1,True,0,40.7484439,-73.9780391,75.8
Planting Fields Arboretum State Historic Park,Arboretum,4.8,2744,1,True,0,40.8678866,-73.5529595,74.6
Paper Sons Cafe,Coffee shop,4.8,208,1,True,0,40.7140524,-73.9985851,74.6
Bailey Arboretum,Arboretum,4.8,398,1,True,0,40.887921899999995,-73.5859181,74.6
Scenic Hudson RiverWalk Park at Tarrytown,Tourist attraction,4.8,2302,1,True,0,41.0771318,-73.8691008,74.6
Hudson River Waterfront Walkway,Scenic spot,4.8,1766,1,True,0,40.7385276,-74.0272119,74.6
South Cove Park,Tourist attraction,4.7,983,1,True,0,40.7070571,-74.0183528,73.4
Daintree,Bar,4.7,1136,1,True,0,40.7518932,-73.9840991,73.4
Hudson VU,Cocktail bar,4.7,659,1,True,0,40.764571499999995,-73.99598399999999,73.4
Little Island Vista Point,Scenic spot,4.7,272,1,True,0,40.741865499999996,-74.01133899999999,73.4
Pier 26 at Hudson River Park,Tourist attraction,4.7,1736,1,True,0,40.7211424,-74.0130846,73.4
"Louis Valentino, Jr. Park and Pier",Tourist attraction,4.7,1307,1,True,0,40.6784075,-74.0181413,73.4
The Channel Gardens,Tourist attraction,4.7,711,1,True,0,40.7585013,-73.978087,73.4
The Ramble,Tourist attraction,4.7,786,1,True,0,40.7778736,-73.9697174,73.4
Pier 44 Waterfront Garden,Tourist attraction,4.7,217,1,True,0,40.6756554,-74.0181656,73.4
Untermyer Gardens,Garden,4.8,5910,1,False,20,40.9659926,-73.8859748,69.6
Brooklyn Botanic Garden,Botanical garden,4.7,14875,1,False,20,40.668579799999996,-73.9644696,68.4
New York Botanical Garden,Botanical garden,4.7,12714,1,False,20,40.862287099999996,-73.8773946,68.4
Snug Harbor Cultural Center & Botanical Garden,Botanical garden,4.5,4311,1,False,20,40.6433718,-74.1027431,66.0
New Meadowlands Flea Market,Flea market,4.4,1367,1,False,5,40.8115429,-74.0834905,64.8
Village Vanguard,Jazz club,4.6,2055,2,True,0,40.7360334,-74.0016548,64.2
Stormville Airport Antique Show and Flea Market,Flea market,4.3,1455,1,False,5,41.577650999999996,-73.7339981,63.6
Antique World & Flea Market,Flea market,4.3,562,1,False,5,42.9834307,-78.5724398,63.6
Chelsea Flea,Flea market,4.2,643,1,False,5,40.74382,-73.990336,62.4
The James,Tourist attraction,5,15,1,True,0,40.7469069,-73.9819751,62.0
We Love NYC Rat,Tourist attraction,5,2,1,True,0,40.7265936,-73.9942828,62.0
Brooklyn Flea,Flea market,4.1,2061,1,False,5,40.703266,-73.9880852,61.2
Artists & Fleas Market Chelsea,Vintage clothing store,4.5,1466,1,False,0,40.742873599999996,-74.0073428,61.0
Questing NY,Tourist attraction,4.9,35,1,True,0,40.7096248,-74.0093371,60.8
Boroughs of the Dead,Tour agency,4.9,78,1,True,0,40.732231999999996,-73.9957411,60.8
Riverwalk view of NYC,Tourist attraction,4.9,81,1,True,0,40.7807227,-74.0053583,60.8
Today Flea Market,Flea market,4,676,1,False,5,40.742702799999996,-73.8723988,60.0
Jay's Hidden Treasures Flea Market & Gift Shop,Vintage clothing store,4.8,122,1,True,0,40.825466999999996,-73.1076794,59.6
Battery Park City Promenade,Scenic spot,4.8,57,1,True,0,40.711479499999996,-74.0180057,59.6
NY City Skyline Vista Point,Observation deck,4.8,138,1,True,0,40.6907403,-74.0452713,59.6
Artists & Fleas Market Williamsburg,Vintage clothing store,4.3,1207,1,False,0,40.719896,-73.9612521,58.6
RT60 Rooftop Bar & Lounge,Bar,4.3,803,1,False,0,40.759651,-73.98345499999999,58.6
St. Cloud Rooftop,Bar,4.3,1436,1,False,0,40.7554473,-73.986184,58.6
The Museum of Interesting Things,Tourist attraction,4.7,60,1,True,0,40.7305539,-73.9930526,58.4
Plaza Lafayette & Riverside Lookout,Scenic spot,4.7,9,1,True,0,40.8518323,-73.9419613,58.4
Secret Garden at St. Luke in the Fields,Tourist attraction,4.7,24,1,True,0,40.732619799999995,-74.0068029,58.4
Glockenspiel Sound Board,Tourist attraction,4.7,64,1,True,0,40.7417174,-74.0104681,58.4
Annex Markets,Flea market,3.8,386,1,False,5,40.7433962,-73.9904416,57.6
Pier 35,Tourist attraction,4.6,3605,1,True,0,40.709451699999995,-73.9884141,57.2
Sandbar Rooftop,Lounge bar,4.1,453,1,False,0,40.7455564,-73.9937483,56.2
The Antique & Thrift Shop,Flea market,4.5,47,1,False,5,40.6583997,-73.6958818,51.0
Brooklyn Flea Bargain,Flea market,4.5,36,1,False,5,40.651818299999995,-73.8892889,51.0
Pen Top,Lounge bar,4.3,619,2,False,0,40.7616511,-73.9754019,50.6
The Met Cloisters,Tourist attraction,4.8,8680,1,False,0,40.8648628,-73.9317274,49.6
Central Park,Tourist attraction,4.8,297614,1,False,0,40.7825547,-73.9655834,49.6
Grand Bazaar NYC,Vintage clothing store,4.2,2252,2,False,0,40.7803915,-73.9770625,49.4
Smalls Jazz Club,Jazz club,4.6,3625,2,True,0,40.7343873,-74.002765,49.2
Statue of Liberty,Tourist attraction,4.7,111799,1,False,0,40.6892494,-74.04450039999999,48.4
Empire State Building,Tourist attraction,4.7,125485,1,False,0,40.7484405,-73.98566439999999,48.4
Beacon Flea Market,Flea market,4.2,153,1,False,5,41.5044633,-73.9696469,47.4
Minimalist Fountain,Tourist attraction,4.5,22,1,False,0,40.7522507,-74.0011768,46.0
The Museum of Interesting Things Secret Speakeasy,Tourist attraction,4.5,23,1,False,0,40.726448999999995,-74.001798,46.0
Flea Market,Flea market,4,90,1,False,5,40.7307215,-73.98194269999999,45.0
Door to Nowhere,Tourist attraction,4.4,61,1,False,0,40.7556389,-73.9863542,44.8
Embriago Coffee,Coffee shop,4.9,404,5,True,0,40.7212926,-73.99295049999999,43.8
Bushwick Market,Flea market,3.9,154,1,False,5,40.7055015,-73.9213104,43.8
Ludlow Flea,Flea market,3.9,35,1,False,5,40.721047999999996,-73.9880419,43.8
The Walkers Espresso,Coffee shop,4.8,217,5,True,0,40.7376244,-74.00014039999999,42.6
Spyglass Rooftop Bar,Bar,4.3,867,3,False,0,40.7519694,-73.9848404,42.6
Brewlita,Coffee shop,4.7,360,5,True,0,40.7225831,-73.9962714,41.4
Jubilee Flea Market,Flea market,3.7,3,1,False,5,40.620937399999995,-73.9177066,41.4
Lost in Paradise Rooftop,Cocktail bar,4.7,6544,2,False,0,40.752076699999996,-73.94732119999999,40.4
Le Cafe Coffee,Coffee shop,4.6,229,5,True,0,40.765291,-73.9767121,40.2
Afficionado Coffee Roasters,Coffee shop,4.6,464,5,True,0,40.7676039,-73.9931737,40.2
Monarch Rooftop,Bar,4.1,2535,3,False,0,40.7503922,-73.9868091,40.2
St. Anthony's Market,Vintage clothing store,4,4,1,False,0,40.727747799999996,-74.0018494,40.0
ECHOES,Tourist attraction,4,5,1,False,0,40.7529665,-73.9854781,40.0
McGraw-Hill Waterfall,Tourist attraction,4,126,1,False,0,40.7595963,-73.9829756,40.0
230 Fifth Rooftop Bar,Bar,4.3,24788,2,False,0,40.7441081,-73.9888201,35.6
Mille-Feuille Bakery,Bakery,4.8,1412,6,True,0,40.729155399999996,-73.9982843,34.6
Bill's Place,Jazz club,4.8,388,6,True,0,40.813374499999995,-73.94364329999999,34.6
Nolita Flea Market,Flea market,3.1,23,1,False,5,40.723267,-73.99528029999999,34.2
La Cabra Bakery,Coffee shop,4.7,1514,6,True,0,40.729445899999995,-73.9868353,33.4
Terra Blues,Blues club,4.7,1428,6,True,0,40.728425,-73.99925,33.4
Madame George,Cocktail bar,4.7,522,6,True,0,40.756338299999996,-73.98114269999999,33.4
Bo Peep Cocktail and Highball Store,Cocktail bar,4.7,451,6,True,0,40.7506112,-73.9862911,33.4
"Drip Drop Café, coffee shop",Coffee shop,4.7,770,6,True,0,40.7254115,-74.002083,33.4
Hide Rooftop,Cocktail bar,4.7,213,6,True,0,40.7095847,-74.0087404,33.4
Ornithology Jazz Club,Jazz club,4.7,805,6,True,0,40.695588799999996,-73.9319823,33.4
Super Nice Coffee and Bakery,Coffee shop,4.6,374,6,True,0,40.8015048,-73.96451119999999,32.2
Pavé,Coffee shop,4.6,486,6,True,0,40.756344,-73.98033699999999,32.2
Mezzrow,Jazz club,4.6,1333,6,True,0,40.7346,-74.001924,32.2
MK Ultra Coffee & Baked Goods,Coffee shop,5,91,5,True,0,40.747258699999996,-73.9892883,30.0
Refinery Rooftop,American restaurant,4.5,4222,3,False,0,40.7526164,-73.9852828,30.0
Smoke Jazz & Supper Club,Jazz club,4.5,1396,5,False,0,40.801110099999995,-73.9682369,29.0
Daddy Rabbit,Jazz club,4.8,71,5,True,0,40.742619999999995,-74.0000524,27.6
Winnie's Jazz Club,Jazz club,4.7,584,7,True,0,40.7521833,-73.9853073,25.4
The Ivy Coffee & Tea & Bakery,Coffee shop,4.6,189,5,True,0,40.7302604,-74.00313469999999,25.2
Dizzy's Club,Jazz club,4.6,1286,7,True,0,40.7685594,-73.9830762,24.2
Librae Bakery,Bakery,4.5,1230,6,False,0,40.728118599999995,-73.99075239999999,21.0
Tomi Jazz,Jazz club,4.5,2145,6,False,0,40.757174899999995,-73.9678057,21.0
No Work Allowed,Jazz club,4.5,362,6,False,0,40.7572785,-73.9679736,21.0
La Cabra,Coffee shop,4.5,957,6,False,0,40.724309999999996,-73.9962,21.0
Cafe D’Avignon,Bakery,4.5,380,6,False,0,40.7522263,-73.9893009,21.0
Close Up,Bar,4.9,152,6,True,0,40.7207559,-73.988492,20.8
"ART SoHo - Soho Rooftop Bars, NYC (Arlo Soho)",Bar,4.4,715,6,False,0,40.7244354,-74.00806899999999,19.8
The Skylark - Rooftop Bar,Cocktail bar,4.4,2027,6,False,0,40.754188899999995,-73.9888567,19.8
Highwater Rooftop,Bar,4.4,306,6,False,0,40.705498,-74.007364,19.8
Top of the Strand Rooftop Bar,Bar,4.3,715,6,False,0,40.751248,-73.984873,18.6
Cellar Dog,Bar,4.3,660,6,False,0,40.7336448,-74.0032027,18.6
Down Under Coffee,Coffee shop,4.7,64,6,True,0,40.767054,-73.98297649999999,18.4
Red Beard Coffee & Bakery,Coffee shop,4.6,134,6,True,0,40.729756099999996,-73.9834317,17.2
Bar Next Door at La Lanterna di Vittorio,Cocktail bar,4.6,127,6,True,0,40.7306866,-74.0000953,17.2
Rooftop Bars NYC,Bar,4.6,163,6,True,0,40.7442419,-73.9886085,17.2
Haven Rooftop,Bar,4,2891,6,False,0,40.7584867,-73.983223,15.0
The Jazz Club at Aman New York,Jazz club,4.3,192,5,False,0,40.7627916,-73.9750732,11.6
Birdland Jazz Club,Jazz club,4.7,4883,7,True,0,40.759088899999995,-73.9897175,10.4
Bibble & Sip,Bakery,4.5,3617,6,False,0,40.7628415,-73.9851781,6.0
ROOM 623 - HARLEM'S SPEAKEASY JAZZ CLUB,Jazz club,4.5,196,6,False,0,40.806201,-73.95322589999999,6.0
Blu33 NYC Rooftop Bar,Cocktail bar,4.4,132,6,False,0,40.752192799999996,-73.9950922,4.8
